resource_id,resource_type,title,normalized_title,official_title,description,issuing_authority,publisher,publication_year,publication_date,effective_from,effective_until,academic_year,curriculum_name,curriculum_version,regulation_reference,regulation_status,document_status,education_level,phase,grade_from,grade_to,subject,subject_variant,element,content_scope,language,official_source_url,download_url,final_resolved_url,source_domain,source_page,local_file_path,file_name,file_extension,mime_type,file_size_bytes,sha256,download_timestamp,last_verified_at,license_category,license_name,license_url,copyright_holder,commercial_use_allowed,modification_allowed,redistribution_allowed,attribution_required,verification_status,verified_by,supersedes_resource_id,superseded_by_resource_id,related_resource_ids,notes
REG-001,regulation,"Permendikdasmen No. 13 Tahun 2025 tentang Penyesuaian Kurikulum pada PAUD, Jenjang Pendidikan Dasar, dan Jenjang Pendidikan Menengah",permendikdasmen_13_2025_penyesuaian_kurikulum,Permendikdasmen No. 13 Tahun 2025,Amendment adjusting the curriculum: adds Deep Learning approach + KKA elective; no curriculum change.,Kementerian Pendidikan Dasar dan Menengah,,2025,,,,,Kurikulum Merdeka,,Permendikdasmen 13 Tahun 2025,Berlaku,,,,,,,,,,id,https://kurikulum.kemendikdasmen.go.id/berita/detail/ringkasan-permendikdasmen-nomor-13-tahun-2025,https://kurikulum.kemendikdasmen.go.id/service/download.php?kategori=rujukan&id=118,https://kurikulum.kemendikdasmen.go.id/file/1752637369_manage_file.pdf,kurikulum.kemendikdasmen.go.id,,08_raw_downloads\pdf\reg_001_permendikdasmen_13_tahun_2025__118.pdf,reg_001_permendikdasmen_13_tahun_2025__118.pdf,pdf,application/pdf,630960,2fab2e91fc07efd3243b83c6bec383b6997083079fcada9b13359f4aff357325,2026-07-28T03:51:28Z,,OFFICIAL_PUBLIC_ACCESS,,,,,,,,verified_current,Code (portal fetch 2026-07-28),,,REG-002,Amends REG-002 (Permendikdasmen 12/2024). Verified via portal banner.
REG-002,regulation,"Permendikdasmen No. 12 Tahun 2024 tentang Kurikulum pada PAUD, Jenjang Pendidikan Dasar, dan Jenjang Pendidikan Menengah",permendikdasmen_12_2024_kurikulum,Permendikdasmen No. 12 Tahun 2024,Base curriculum regulation for PAUD/Dasmen. Amended by 13/2025.,Kementerian Pendidikan Dasar dan Menengah,,2024,,,,,Kurikulum Merdeka,,Permendikdasmen 12 Tahun 2024,Berlaku (to confirm on JDIH),,,,,,,,,,id,,,,jdih.kemendikdasmen.go.id,,,,,,,,,,OFFICIAL_PUBLIC_ACCESS,,,,,,,,to_confirm,,,,REG-001,Base regulation. Amended by REG-001. Exact full-text URL to confirm on JDIH.
FW-001,framework,Pedoman Implementasi Pembelajaran Mendalam,pedoman_pembelajaran_mendalam,,"Pedoman for the Deep Learning pedagogical approach (an approach, not a mapel).",BSKAP; Pusat Kurikulum dan Pembelajaran,,,,,,,Kurikulum Merdeka,,,,,,,,,,,,pedagogical approach,id,,https://kurikulum.kemendikdasmen.go.id/service/download.php?kategori=rujukan&id=123,https://kurikulum.kemendikdasmen.go.id/file/1758017373_manage_file.pdf,kurikulum.kemendikdasmen.go.id,,08_raw_downloads\pdf\fw_001_pedoman_implementasi_pembelajaran_mendalam__123.pdf,fw_001_pedoman_implementasi_pembelajaran_mendalam__123.pdf,pdf,application/pdf,2412960,20706793bca33c17062d72cfc0fe0c362e31f867f42656287b5c05be4fab2da3,2026-07-28T03:50:58Z,,OFFICIAL_PUBLIC_ACCESS,,,,,,,,verified_current,Code (portal fetch 2026-07-28),,,,Maps to 02_curriculum_framework/deep_learning_guidance.
FW-002,framework,Paparan Pembelajaran Mendalam,paparan_pembelajaran_mendalam,,Slide deck / overview for the Deep Learning approach.,BSKAP; Pusat Kurikulum dan Pembelajaran,,,,,,,Kurikulum Merdeka,,,,,,,,,,,,pedagogical approach (overview),id,,https://kurikulum.kemendikdasmen.go.id/service/download.php?kategori=rujukan&id=115,https://kurikulum.kemendikdasmen.go.id/file/1742214136_manage_file.pdf,kurikulum.kemendikdasmen.go.id,,08_raw_downloads\pdf\fw_002_paparan_pembelajaran_mendalam__115.pdf,fw_002_paparan_pembelajaran_mendalam__115.pdf,pdf,application/pdf,6966966,5c76281c3ef13a43ba36b19f7df23ba55967aa31e5c25b510c7f245b653ec604,2026-07-28T04:15:33Z,,OFFICIAL_PUBLIC_ACCESS,,,,,,,,verified_supplementary,Code (portal fetch 2026-07-28),,,,Supplementary to FW-001.
FW-003,framework,Pedoman Koding dan Kecerdasan Artifisial,pedoman_koding_dan_ka,,"Pedoman for KKA, an elective subject provided at school discretion.",BSKAP; Pusat Kurikulum dan Pembelajaran,,,,,,,Kurikulum Merdeka,,Permendikdasmen 13 Tahun 2025,,,,,,,Koding dan Kecerdasan Artifisial,,,elective subject pedoman,id,,https://kurikulum.kemendikdasmen.go.id/service/download.php?kategori=rujukan&id=124,https://kurikulum.kemendikdasmen.go.id/file/1758017435_manage_file.pdf,kurikulum.kemendikdasmen.go.id,,08_raw_downloads\pdf\fw_003_pedoman_koding_dan_kecerdasan_artifisial__124.pdf,fw_003_pedoman_koding_dan_kecerdasan_artifisial__124.pdf,pdf,application/pdf,2109647,8441abc021bbb4598b34fbdc1300ceb26b34394fd343a0e74c73ca6369a480a2,2026-07-28T03:50:51Z,,OFFICIAL_PUBLIC_ACCESS,,,,,,,,verified_current,Code (portal fetch 2026-07-28),,,,"KKA is elective, not mandatory."
FW-004,framework,Koding dan KA — Pelajari Lebih Lanjut (paparan),koding_ka_paparan,,Overview / learn-more slide for KKA.,BSKAP; Pusat Kurikulum dan Pembelajaran,,,,,,,Kurikulum Merdeka,,,,,,,,,Koding dan Kecerdasan Artifisial,,,elective subject overview,id,,https://kurikulum.kemendikdasmen.go.id/service/download.php?kategori=rujukan&id=117,https://kurikulum.kemendikdasmen.go.id/file/1741766787_manage_file.pdf,kurikulum.kemendikdasmen.go.id,,08_raw_downloads\pdf\fw_004_koding_dan_ka_pelajari_lebih_lanjut__117.pdf,fw_004_koding_dan_ka_pelajari_lebih_lanjut__117.pdf,pdf,application/pdf,6736128,8d931982de0108a8e8c8bb019d08fac178b2f8db0fbd39eb8ea4f8b52ea1ab35,2026-07-28T04:13:00Z,,OFFICIAL_PUBLIC_ACCESS,,,,,,,,verified_supplementary,Code (portal fetch 2026-07-28),,,,Supplementary to FW-003.
SG-000,subject_guide,Panduan Mata Pelajaran (master/acuan),panduan_mata_pelajaran_master,,"Hub for per-mapel Panduan, organized by education level (SD/SMP/SMA/...).",BSKAP; Pusat Kurikulum dan Pembelajaran,,,,,,,Kurikulum Merdeka,,,,,,,,,,,,subject guides (all mapel),id,https://kurikulum.kemendikdasmen.go.id/panduan-mapel,,,kurikulum.kemendikdasmen.go.id,,,,,,,,,,OFFICIAL_PUBLIC_ACCESS,,,,,,,,verified_current,Code (portal fetch 2026-07-28),,,,Master hub. Per-mapel per-level docs pending JS-listing extraction (CP3/CP4).
BK-000,book,SIBI — Sistem Informasi Perbukuan Indonesia,sibi_portal,,Official electronic-books portal (BSE) for student/teacher books.,Kementerian Pendidikan Dasar dan Menengah,,,,,,,Kurikulum Merdeka,,,,,,,,,,,,books portal,id,https://buku.kemendikdasmen.go.id/,,,buku.kemendikdasmen.go.id,,,,,,,,,,OFFICIAL_PUBLIC_ACCESS,,,,,,,,verified_current,Code (portal fetch 2026-07-28),,,,Portal verified live 2026-07-28. Per-subject BSE enumeration pending.
AUTO-7,document,,,,,,,,,,,,,,,,,,,,,,,,,id,,https://kurikulum.kemendikdasmen.go.id/service/download.php?kategori=rujukan&id=7,https://kurikulum.kemendikdasmen.go.id/file/1754562270_manage_file.pdf,kurikulum.kemendikdasmen.go.id,,08_raw_downloads\pdf\resource_7__7.pdf,resource_7__7.pdf,pdf,application/pdf,143094,207a66b76105aa3a180b6e50213be8ef44df15ff040efbcdb6305be86f7ae5b4,2026-07-28T03:57:45Z,,OFFICIAL_PUBLIC_ACCESS,,,,,,,,to_confirm,,,,,auto-registered from download log; title/license pending review
AUTO-45,document,,,,,,,,,,,,,,,,,,,,,,,,,id,,https://kurikulum.kemendikdasmen.go.id/service/download.php?kategori=rujukan&id=45,https://kurikulum.kemendikdasmen.go.id/wp-content/uploads/2022/08/Panduan-Pelaksanaan-Pendidikan-Inklusif.pdf,kurikulum.kemendikdasmen.go.id,,08_raw_downloads\pdf\resource_45__45.pdf,resource_45__45.pdf,pdf,application/pdf,2305299,de79534088f9f4c35c2ff592973727a7b74630eefbb7b0583e8cceb540c43427,2026-07-28T04:09:55Z,,OFFICIAL_PUBLIC_ACCESS,,,,,,,,to_confirm,,,,,auto-registered from download log; title/license pending review
AUTO-46,document,,,,,,,,,,,,,,,,,,,,,,,,,id,,https://kurikulum.kemendikdasmen.go.id/service/download.php?kategori=rujukan&id=46,https://kurikulum.kemendikdasmen.go.id/wp-content/uploads/2022/08/Panduan-Pelaksanaan-PPI.pdf,kurikulum.kemendikdasmen.go.id,,08_raw_downloads\pdf\resource_46__46.pdf,resource_46__46.pdf,pdf,application/pdf,5977498,ed3525fa2df8ede815ed86866d7f68b2ea7610f0b2a3a12d88a6e483dde0e181,2026-07-28T04:09:53Z,,OFFICIAL_PUBLIC_ACCESS,,,,,,,,to_confirm,,,,,auto-registered from download log; title/license pending review
AUTO-77,document,,,,,,,,,,,,,,,,,,,,,,,,,id,,https://kurikulum.kemendikdasmen.go.id/service/download.php?kategori=rujukan&id=77,https://kurikulum.kemendikdasmen.go.id/file/1678859725_manage_file.pdf,kurikulum.kemendikdasmen.go.id,,08_raw_downloads\pdf\resource_77__77.pdf,resource_77__77.pdf,pdf,application/pdf,15065362,e52c4a3abf4a2e2ad04fb3bbb0080dba6f6c61196f865869143b7336e6492b68,2026-07-28T03:58:21Z,,OFFICIAL_PUBLIC_ACCESS,,,,,,,,to_confirm,,,,,auto-registered from download log; title/license pending review
AUTO-78,document,,,,,,,,,,,,,,,,,,,,,,,,,id,,https://kurikulum.kemendikdasmen.go.id/service/download.php?kategori=rujukan&id=78,https://kurikulum.kemendikdasmen.go.id/file/1678860223_manage_file.pdf,kurikulum.kemendikdasmen.go.id,,08_raw_downloads\pdf\resource_78__78.pdf,resource_78__78.pdf,pdf,application/pdf,14484339,a6d4307378f142c2453f17dda06bcb0648aebac7d119113c1e305c7366b9c38c,2026-07-28T03:58:18Z,,OFFICIAL_PUBLIC_ACCESS,,,,,,,,to_confirm,,,,,auto-registered from download log; title/license pending review
AUTO-80,document,,,,,,,,,,,,,,,,,,,,,,,,,id,,https://kurikulum.kemendikdasmen.go.id/service/download.php?kategori=rujukan&id=80,https://kurikulum.kemendikdasmen.go.id/file/1685090215_manage_file.pdf,kurikulum.kemendikdasmen.go.id,,08_raw_downloads\pdf\resource_80__80.pdf,resource_80__80.pdf,pdf,application/pdf,163554,60032b267cac09eded00f1a884d7706dcf3bdfa93d759514a88880f462ee2eed,2026-07-28T03:57:49Z,,OFFICIAL_PUBLIC_ACCESS,,,,,,,,to_confirm,,,,,auto-registered from download log; title/license pending review
AUTO-82,document,,,,,,,,,,,,,,,,,,,,,,,,,id,,https://kurikulum.kemendikdasmen.go.id/service/download.php?kategori=rujukan&id=82,https://kurikulum.kemendikdasmen.go.id/file/1689392629_manage_file.pdf,kurikulum.kemendikdasmen.go.id,,08_raw_downloads\pdf\resource_82__82.pdf,resource_82__82.pdf,pdf,application/pdf,2337633,e635669c0b97651abc28b7011dbd3aa14e3f3442c11b43eb1ecd8328777da5cb,2026-07-28T04:09:23Z,,OFFICIAL_PUBLIC_ACCESS,,,,,,,,to_confirm,,,,,auto-registered from download log; title/license pending review
AUTO-87,document,,,,,,,,,,,,,,,,,,,,,,,,,id,,https://kurikulum.kemendikdasmen.go.id/service/download.php?kategori=rujukan&id=87,https://kurikulum.kemendikdasmen.go.id/file/Buku_Panduan_Pengembangan_Bakat_&_Minat.pdf,kurikulum.kemendikdasmen.go.id,,08_raw_downloads\pdf\resource_87__87.pdf,resource_87__87.pdf,pdf,application/pdf,24574673,8b8892441231fe869a08f22ace1d151bfad51e1b4f14d60727d89a4a3684c7e2,2026-07-28T04:09:09Z,,OFFICIAL_PUBLIC_ACCESS,,,,,,,,to_confirm,,,,,auto-registered from download log; title/license pending review
AUTO-88,document,,,,,,,,,,,,,,,,,,,,,,,,,id,,https://kurikulum.kemendikdasmen.go.id/service/download.php?kategori=rujukan&id=88,https://kurikulum.kemendikdasmen.go.id/file/1706840070_manage_file.pdf,kurikulum.kemendikdasmen.go.id,,08_raw_downloads\pdf\resource_88__88.pdf,resource_88__88.pdf,pdf,application/pdf,9947579,343b90d06ef4d1eb14b5b1ee09473efea39a60b340a62cb65e7f0ef86a2af45a,2026-07-28T04:09:06Z,,OFFICIAL_PUBLIC_ACCESS,,,,,,,,to_confirm,,,,,auto-registered from download log; title/license pending review
AUTO-90,document,,,,,,,,,,,,,,,,,,,,,,,,,id,,https://kurikulum.kemendikdasmen.go.id/service/download.php?kategori=rujukan&id=90,https://kurikulum.kemendikdasmen.go.id/file/1711507788_manage_file.pdf,kurikulum.kemendikdasmen.go.id,,08_raw_downloads\pdf\resource_90__90.pdf,resource_90__90.pdf,pdf,application/pdf,705470,98eca333f76c0c8d7efb107794d40d3b24cd6aae1314d5c8db1862950608ba75,2026-07-28T03:57:14Z,,OFFICIAL_PUBLIC_ACCESS,,,,,,,,to_confirm,,,,,auto-registered from download log; title/license pending review
AUTO-91,document,,,,,,,,,,,,,,,,,,,,,,,,,id,,https://kurikulum.kemendikdasmen.go.id/service/download.php?kategori=rujukan&id=91,https://kurikulum.kemendikdasmen.go.id/file/1754561731_manage_file.pdf,kurikulum.kemendikdasmen.go.id,,08_raw_downloads\pdf\resource_91__91.pdf,resource_91__91.pdf,pdf,application/pdf,388168,184497add24f2baaf72e94d1fddfd842d1e3656d8bb37bb222bd41eaa7dbdd16,2026-07-28T03:57:47Z,,OFFICIAL_PUBLIC_ACCESS,,,,,,,,to_confirm,,,,,auto-registered from download log; title/license pending review
AUTO-94,document,,,,,,,,,,,,,,,,,,,,,,,,,id,,https://kurikulum.kemendikdasmen.go.id/service/download.php?kategori=rujukan&id=94,https://kurikulum.kemendikdasmen.go.id/file/Salinan_Batang_Tubuh_KEPKA_BKSKAP_Penetapan_Satpen_IKM_2024-2025.pdf,kurikulum.kemendikdasmen.go.id,,08_raw_downloads\pdf\resource_94__94.pdf,resource_94__94.pdf,pdf,application/pdf,148512243,92933181c744e28d499c5fa128ed554782e4b01d251f6fabba6f450392990ccd,2026-07-28T03:57:12Z,,OFFICIAL_PUBLIC_ACCESS,,,,,,,,to_confirm,,,,,auto-registered from download log; title/license pending review
AUTO-95,document,,,,,,,,,,,,,,,,,,,,,,,,,id,,https://kurikulum.kemendikdasmen.go.id/service/download.php?kategori=rujukan&id=95,https://kurikulum.kemendikdasmen.go.id/file/1718354948_manage_file.pdf,kurikulum.kemendikdasmen.go.id,,08_raw_downloads\pdf\resource_95__95.pdf,resource_95__95.pdf,pdf,application/pdf,418517,dbddeafadceed4d8e7197353a15ad3863052bee9bbe51da9a6e1a4468657a694,2026-07-28T03:51:56Z,,OFFICIAL_PUBLIC_ACCESS,,,,,,,,to_confirm,,,,,auto-registered from download log; title/license pending review
AUTO-104,document,,,,,,,,,,,,,,,,,,,,,,,,,id,,https://kurikulum.kemendikdasmen.go.id/service/download.php?kategori=rujukan&id=104,https://kurikulum.kemendikdasmen.go.id/file/1722934983_manage_file.pdf,kurikulum.kemendikdasmen.go.id,,08_raw_downloads\pdf\resource_104__104.pdf,resource_104__104.pdf,pdf,application/pdf,11802667,5053c1e128d45f43e18c3433d4aaa472fa0fc2b6831bd97f5532b2f008088044,2026-07-28T03:51:54Z,,OFFICIAL_PUBLIC_ACCESS,,,,,,,,to_confirm,,,,,auto-registered from download log; title/license pending review
AUTO-105,document,,,,,,,,,,,,,,,,,,,,,,,,,id,,https://kurikulum.kemendikdasmen.go.id/service/download.php?kategori=rujukan&id=105,https://kurikulum.kemendikdasmen.go.id/file/1724723181_manage_file.pdf,kurikulum.kemendikdasmen.go.id,,08_raw_downloads\pdf\resource_105__105.pdf,resource_105__105.pdf,pdf,application/pdf,28317904,0c7d942164a7376ca087f9382b87aa6dd4db4bc2d96b33fb506ea2a9aefca82e,2026-07-28T04:08:11Z,,OFFICIAL_PUBLIC_ACCESS,,,,,,,,to_confirm,,,,,auto-registered from download log; title/license pending review
AUTO-107,document,,,,,,,,,,,,,,,,,,,,,,,,,id,,https://kurikulum.kemendikdasmen.go.id/service/download.php?kategori=rujukan&id=107,https://kurikulum.kemendikdasmen.go.id/file/1725502167_manage_file.pdf,kurikulum.kemendikdasmen.go.id,,08_raw_downloads\pdf\resource_107__107.pdf,resource_107__107.pdf,pdf,application/pdf,22801508,cc60e5210e441d29752c86ab4bda94184b39e6253d201795a12f7626afa2199b,2026-07-28T04:08:14Z,,OFFICIAL_PUBLIC_ACCESS,,,,,,,,to_confirm,,,,,auto-registered from download log; title/license pending review
AUTO-110,document,,,,,,,,,,,,,,,,,,,,,,,,,id,,https://kurikulum.kemendikdasmen.go.id/service/download.php?kategori=rujukan&id=110,https://kurikulum.kemendikdasmen.go.id/file/1729244746_manage_file.pdf,kurikulum.kemendikdasmen.go.id,,08_raw_downloads\pdf\resource_110__110.pdf,resource_110__110.pdf,pdf,application/pdf,10801615,73bf81846d3f8d08184585f2ddcf85c66a0630949e1419d613bb7ca0af1c2ee7,2026-07-28T04:08:01Z,,OFFICIAL_PUBLIC_ACCESS,,,,,,,,to_confirm,,,,,auto-registered from download log; title/license pending review
AUTO-111,document,,,,,,,,,,,,,,,,,,,,,,,,,id,,https://kurikulum.kemendikdasmen.go.id/service/download.php?kategori=rujukan&id=111,https://kurikulum.kemendikdasmen.go.id/file/1732075952_manage_file.pdf,kurikulum.kemendikdasmen.go.id,,08_raw_downloads\pdf\resource_111__111.pdf,resource_111__111.pdf,pdf,application/pdf,1367401,02fc51c6e3e4885af965d40e3900ef6ca0acd4503254ca250206f5e49c420fa1,2026-07-28T03:51:33Z,,OFFICIAL_PUBLIC_ACCESS,,,,,,,,to_confirm,,,,,auto-registered from download log; title/license pending review
AUTO-112,document,,,,,,,,,,,,,,,,,,,,,,,,,id,,https://kurikulum.kemendikdasmen.go.id/service/download.php?kategori=rujukan&id=112,https://kurikulum.kemendikdasmen.go.id/file/1732515135_manage_file.pdf,kurikulum.kemendikdasmen.go.id,,08_raw_downloads\pdf\resource_112__112.pdf,resource_112__112.pdf,pdf,application/pdf,2504568,82effa05127d9e358fdad7f5e99743b13e6b850f18c03ace781a39f4a6d8721c,2026-07-28T04:08:07Z,,OFFICIAL_PUBLIC_ACCESS,,,,,,,,to_confirm,,,,,auto-registered from download log; title/license pending review
AUTO-113,document,,,,,,,,,,,,,,,,,,,,,,,,,id,,https://kurikulum.kemendikdasmen.go.id/service/download.php?kategori=rujukan&id=113,https://kurikulum.kemendikdasmen.go.id/file/1733199477_manage_file.pdf,kurikulum.kemendikdasmen.go.id,,08_raw_downloads\pdf\resource_113__113.pdf,resource_113__113.pdf,pdf,application/pdf,2886826,29d571aff5dd846aaa3166fb2e7c899a9a47723b622ad2a015f092da3ccbd7e5,2026-07-28T04:08:04Z,,OFFICIAL_PUBLIC_ACCESS,,,,,,,,to_confirm,,,,,auto-registered from download log; title/license pending review
AUTO-114,document,,,,,,,,,,,,,,,,,,,,,,,,,id,,https://kurikulum.kemendikdasmen.go.id/service/download.php?kategori=rujukan&id=114,https://kurikulum.kemendikdasmen.go.id/file/1733796633_manage_file.pdf,kurikulum.kemendikdasmen.go.id,,08_raw_downloads\pdf\resource_114__114.pdf,resource_114__114.pdf,pdf,application/pdf,9850634,bce297608ad8c3bdf269e07712ca36ecdf52f76752d534c1f481b903b1876d54,2026-07-28T03:57:34Z,,OFFICIAL_PUBLIC_ACCESS,,,,,,,,to_confirm,,,,,auto-registered from download log; title/license pending review
AUTO-116,document,Pm Banner Pembelajaran Mendalam,,,,,,,,,,,,,,,,,,,,,,,,id,,https://kurikulum.kemendikdasmen.go.id/service/download.php?kategori=rujukan&id=116,https://kurikulum.kemendikdasmen.go.id/file/1741963991_manage_file.pdf,kurikulum.kemendikdasmen.go.id,,08_raw_downloads\pdf\pm_banner_pembelajaran_mendalam__116.pdf,pm_banner_pembelajaran_mendalam__116.pdf,pdf,application/pdf,19249973,341f37ddc3fe2e8eb3cdc4385ca109853c253f865143b8b3c7d0a65a5dc558f8,2026-07-28T04:14:25Z,,OFFICIAL_PUBLIC_ACCESS,,,,,,,,to_confirm,,,,,auto-registered from download log; title/license pending review
AUTO-119,document,Cp 000 Capaian Pembelajaran Master,,,,,,,,,,,,,,,,,,,,,,,,id,,https://kurikulum.kemendikdasmen.go.id/service/download.php?kategori=rujukan&id=119,https://kurikulum.kemendikdasmen.go.id/file/1753929861_manage_file.pdf,kurikulum.kemendikdasmen.go.id,,08_raw_downloads\pdf\cp_000_capaian_pembelajaran_master__119.pdf,cp_000_capaian_pembelajaran_master__119.pdf,pdf,application/pdf,14936309,f8e5f478de4dc1790bfc800104135f992c8fe6cb2d8f770f46b616932a2aec34,2026-07-28T03:51:26Z,,OFFICIAL_PUBLIC_ACCESS,,,,,,,,to_confirm,,,,,auto-registered from download log; title/license pending review
AUTO-120,document,Ppa Banner,,,,,,,,,,,,,,,,,,,,,,,,id,,https://kurikulum.kemendikdasmen.go.id/service/download.php?kategori=rujukan&id=120,https://kurikulum.kemendikdasmen.go.id/file/1755668120_manage_file.pdf,kurikulum.kemendikdasmen.go.id,,08_raw_downloads\pdf\ppa_banner__120.pdf,ppa_banner__120.pdf,pdf,application/pdf,3977732,de29a031ef88e1c917a5ff29361b3ceb9b0436947195d55e2f24b5f188e5a1b4,2026-07-28T04:06:14Z,,OFFICIAL_PUBLIC_ACCESS,,,,,,,,to_confirm,,,,,auto-registered from download log; title/license pending review
AUTO-121,document,,,,,,,,,,,,,,,,,,,,,,,,,id,,https://kurikulum.kemendikdasmen.go.id/service/download.php?kategori=rujukan&id=121,https://kurikulum.kemendikdasmen.go.id/file/1753779343_manage_file.pdf,kurikulum.kemendikdasmen.go.id,,08_raw_downloads\pdf\resource_121__121.pdf,resource_121__121.pdf,pdf,application/pdf,4453889,340d1fc4ffb35572acc4da8b452fb295161021a2147e948f54f76ebf77f7ee46,2026-07-28T04:07:29Z,,OFFICIAL_PUBLIC_ACCESS,,,,,,,,to_confirm,,,,,auto-registered from download log; title/license pending review
AUTO-122,document,,,,,,,,,,,,,,,,,,,,,,,,,id,,https://kurikulum.kemendikdasmen.go.id/service/download.php?kategori=rujukan&id=122,https://kurikulum.kemendikdasmen.go.id/file/1755670818_manage_file.pdf,kurikulum.kemendikdasmen.go.id,,08_raw_downloads\pdf\resource_122__122.pdf,resource_122__122.pdf,pdf,application/pdf,10577957,6202243d310e1add6fac3338759f4ca28069a7517e183a39e7b69bed37a302f3,2026-07-28T04:07:26Z,,OFFICIAL_PUBLIC_ACCESS,,,,,,,,to_confirm,,,,,auto-registered from download log; title/license pending review
AUTO-125,document,,,,,,,,,,,,,,,,,,,,,,,,,id,,https://kurikulum.kemendikdasmen.go.id/service/download.php?kategori=rujukan&id=125,https://kurikulum.kemendikdasmen.go.id/file/1758643025_manage_file.pdf,kurikulum.kemendikdasmen.go.id,,08_raw_downloads\pdf\resource_125__125.pdf,resource_125__125.pdf,pdf,application/pdf,25485565,74798bb3e1cf412d8129c8c337de954d74311cc442b9ea5cb5339ee1b11a5779,2026-07-28T04:05:43Z,,OFFICIAL_PUBLIC_ACCESS,,,,,,,,to_confirm,,,,,auto-registered from download log; title/license pending review
AUTO-126,document,,,,,,,,,,,,,,,,,,,,,,,,,id,,https://kurikulum.kemendikdasmen.go.id/service/download.php?kategori=rujukan&id=126,https://kurikulum.kemendikdasmen.go.id/file/1759304686_manage_file.pdf,kurikulum.kemendikdasmen.go.id,,08_raw_downloads\pdf\resource_126__126.pdf,resource_126__126.pdf,pdf,application/pdf,3459129,66a95467b6c5a32266822e2b9502afe343c7aa9d0074f1b6412cccd565442af7,2026-07-28T03:50:46Z,,OFFICIAL_PUBLIC_ACCESS,,,,,,,,to_confirm,,,,,auto-registered from download log; title/license pending review
AUTO-128,document,,,,,,,,,,,,,,,,,,,,,,,,,id,,https://kurikulum.kemendikdasmen.go.id/service/download.php?kategori=rujukan&id=128,https://kurikulum.kemendikdasmen.go.id/file/1767521262_manage_file.pdf,kurikulum.kemendikdasmen.go.id,,08_raw_downloads\pdf\resource_128__128.pdf,resource_128__128.pdf,pdf,application/pdf,7102795,8edf4dd659e9bd061e1fc73611ee0ccf56b5c5257e87dbae495b07a42c19dbf4,2026-07-28T03:50:43Z,,OFFICIAL_PUBLIC_ACCESS,,,,,,,,to_confirm,,,,,auto-registered from download log; title/license pending review
AUTO-129,document,,,,,,,,,,,,,,,,,,,,,,,,,id,,https://kurikulum.kemendikdasmen.go.id/service/download.php?kategori=rujukan&id=129,https://kurikulum.kemendikdasmen.go.id/file/1768297742_manage_file.pdf,kurikulum.kemendikdasmen.go.id,,08_raw_downloads\pdf\resource_129__129.pdf,resource_129__129.pdf,pdf,application/pdf,136043,b75fddf1956788d07e568230e42495a90566d49e4a9ac133d11ec53dd88bbce2,2026-07-28T03:57:43Z,,OFFICIAL_PUBLIC_ACCESS,,,,,,,,to_confirm,,,,,auto-registered from download log; title/license pending review
AUTO-130,document,,,,,,,,,,,,,,,,,,,,,,,,,id,,https://kurikulum.kemendikdasmen.go.id/service/download.php?kategori=rujukan&id=130,https://kurikulum.kemendikdasmen.go.id/file/nasmik%20SISTEM%20PENJAMINAN%20MUTU%20INTERNAL%202025_V4%20(2).pdf,kurikulum.kemendikdasmen.go.id,,08_raw_downloads\pdf\resource_130__130.pdf,resource_130__130.pdf,pdf,application/pdf,5158815,4e9bba345ab26f82948923939152c7727238fde40ff4331739635d40727565ff,2026-07-28T04:12:32Z,,OFFICIAL_PUBLIC_ACCESS,,,,,,,,to_confirm,,,,,auto-registered from download log; title/license pending review
AUTO-131,document,,,,,,,,,,,,,,,,,,,,,,,,,id,,https://kurikulum.kemendikdasmen.go.id/service/download.php?kategori=rujukan&id=131,https://kurikulum.kemendikdasmen.go.id/file/1770041597_manage_file.pdf,kurikulum.kemendikdasmen.go.id,,08_raw_downloads\pdf\resource_131__131.pdf,resource_131__131.pdf,pdf,application/pdf,15027166,f3ae3cd97a492bdde4a7148f385ceedcc44b8325561f237821796fee37260202,2026-07-28T04:03:15Z,,OFFICIAL_PUBLIC_ACCESS,,,,,,,,to_confirm,,,,,auto-registered from download log; title/license pending review
AUTO-132,document,,,,,,,,,,,,,,,,,,,,,,,,,id,,https://kurikulum.kemendikdasmen.go.id/service/download.php?kategori=rujukan&id=132,https://kurikulum.kemendikdasmen.go.id/file/1771826252_manage_file.pdf,kurikulum.kemendikdasmen.go.id,,08_raw_downloads\pdf\resource_132__132.pdf,resource_132__132.pdf,pdf,application/pdf,7708429,08d8f6a1683c709d822883ab38b5f62a255f97bd0c26945d5d5c3eafb3c5d8ff,2026-07-28T04:12:10Z,,OFFICIAL_PUBLIC_ACCESS,,,,,,,,to_confirm,,,,,auto-registered from download log; title/license pending review
AUTO-133,document,,,,,,,,,,,,,,,,,,,,,,,,,id,,https://kurikulum.kemendikdasmen.go.id/service/download.php?kategori=rujukan&id=133,https://kurikulum.kemendikdasmen.go.id/file/1771826326_manage_file.pdf,kurikulum.kemendikdasmen.go.id,,08_raw_downloads\pdf\resource_133__133.pdf,resource_133__133.pdf,pdf,application/pdf,15878610,00b4e431eb9cbb892916d6130bf7da3fd10b69afdd3ce9f2525d674390afccf7,2026-07-28T03:50:39Z,,OFFICIAL_PUBLIC_ACCESS,,,,,,,,to_confirm,,,,,auto-registered from download log; title/license pending review
AUTO-135,document,,,,,,,,,,,,,,,,,,,,,,,,,id,,https://kurikulum.kemendikdasmen.go.id/service/download.php?kategori=rujukan&id=135,https://kurikulum.kemendikdasmen.go.id/file/Buku%20Pedoman%20IKAN%202025.pdf,kurikulum.kemendikdasmen.go.id,,08_raw_downloads\pdf\resource_135__135.pdf,resource_135__135.pdf,pdf,application/pdf,55933653,7364e81c40f69c9e9aaa3ba2ca96a83a7b0fdc68fce6ee6a0f91edbe2c1aa0e7,2026-07-28T04:03:12Z,,OFFICIAL_PUBLIC_ACCESS,,,,,,,,to_confirm,,,,,auto-registered from download log; title/license pending review
AUTO-136,document,,,,,,,,,,,,,,,,,,,,,,,,,id,,https://kurikulum.kemendikdasmen.go.id/service/download.php?kategori=rujukan&id=136,https://kurikulum.kemendikdasmen.go.id/file/Panduan%20Pendidikan%20Antikorupsi.pdf,kurikulum.kemendikdasmen.go.id,,08_raw_downloads\pdf\resource_136__136.pdf,resource_136__136.pdf,pdf,application/pdf,23531084,4ee5693f5ddb43e3757e8c38d2d689343766df4401c365a383d7a087e15850f8,2026-07-28T04:03:07Z,,OFFICIAL_PUBLIC_ACCESS,,,,,,,,to_confirm,,,,,auto-registered from download log; title/license pending review
AUTO-137,document,,,,,,,,,,,,,,,,,,,,,,,,,id,,https://kurikulum.kemendikdasmen.go.id/service/download.php?kategori=rujukan&id=137,https://kurikulum.kemendikdasmen.go.id/file/Panduan%20Penyelenggaraan%20Sekolah%20Model%20Implementasi%20Pembelajaran%20Mendalam%20dan%20Koding%20dan%20Kecerdasan%20Artifisial.pdf,kurikulum.kemendikdasmen.go.id,,08_raw_downloads\pdf\resource_137__137.pdf,resource_137__137.pdf,pdf,application/pdf,13696660,ed08a3d410903c799edc0a890cc8dcd4f04946b5ea9b8039c9ea43012a8b88a8,2026-07-28T04:01:18Z,,OFFICIAL_PUBLIC_ACCESS,,,,,,,,to_confirm,,,,,auto-registered from download log; title/license pending review
AUTO-138,document,,,,,,,,,,,,,,,,,,,,,,,,,id,,https://kurikulum.kemendikdasmen.go.id/service/download.php?kategori=rujukan&id=138,https://kurikulum.kemendikdasmen.go.id/file/Buku%20Saku%20Kecerdasan%20Artifisial%20untuk%20Murid.pdf,kurikulum.kemendikdasmen.go.id,,08_raw_downloads\pdf\resource_138__138.pdf,resource_138__138.pdf,pdf,application/pdf,17024582,c1318b1a63400baa318419e2149946a603448c803e1de844339ceb459a840814,2026-07-28T04:00:47Z,,OFFICIAL_PUBLIC_ACCESS,,,,,,,,to_confirm,,,,,auto-registered from download log; title/license pending review
AUTO-139,document,,,,,,,,,,,,,,,,,,,,,,,,,id,,https://kurikulum.kemendikdasmen.go.id/service/download.php?kategori=rujukan&id=139,https://kurikulum.kemendikdasmen.go.id/file/Panduan%20Pemanfaatan%20Kecerdasan%20Artifisial%20untuk%20Guru.pdf,kurikulum.kemendikdasmen.go.id,,08_raw_downloads\pdf\resource_139__139.pdf,resource_139__139.pdf,pdf,application/pdf,15062669,28e55e8ee90e44a1cb4ce1a168c086905a17a4a291d148729990f70eaefb873a,2026-07-28T04:00:43Z,,OFFICIAL_PUBLIC_ACCESS,,,,,,,,to_confirm,,,,,auto-registered from download log; title/license pending review
AUTO-140,document,,,,,,,,,,,,,,,,,,,,,,,,,id,,https://kurikulum.kemendikdasmen.go.id/service/download.php?kategori=rujukan&id=140,https://kurikulum.kemendikdasmen.go.id/file/Panduan%20Pendidikan%20Keamanan%20Siber.pdf,kurikulum.kemendikdasmen.go.id,,08_raw_downloads\pdf\resource_140__140.pdf,resource_140__140.pdf,pdf,application/pdf,21382100,ad4ffe379f1c832cbfa3784e5f678e31bc1ba5f61f29cc145ddf28993a6ff6b5,2026-07-28T04:05:40Z,,OFFICIAL_PUBLIC_ACCESS,,,,,,,,to_confirm,,,,,auto-registered from download log; title/license pending review
AUTO-141,document,,,,,,,,,,,,,,,,,,,,,,,,,id,,https://kurikulum.kemendikdasmen.go.id/service/download.php?kategori=rujukan&id=141,https://kurikulum.kemendikdasmen.go.id/file/R5%20-%20Layout%20Ruang%20Murid.pdf,kurikulum.kemendikdasmen.go.id,,08_raw_downloads\pdf\resource_141__141.pdf,resource_141__141.pdf,pdf,application/pdf,4252463,6d7afc2be4ce51a612f0ff58bea22512de8fc033c62a143f466b353a3b0b3578,2026-07-28T03:50:36Z,,OFFICIAL_PUBLIC_ACCESS,,,,,,,,to_confirm,,,,,auto-registered from download log; title/license pending review
AUTO-142,document,,,,,,,,,,,,,,,,,,,,,,,,,id,,https://kurikulum.kemendikdasmen.go.id/service/download.php?kategori=rujukan&id=142,https://kurikulum.kemendikdasmen.go.id/file/Salinan%20Kepka%20BKPDM%20No.%20020%20Tahun%202026%20tentang%20Perubahan%20atas%20Keputusan%20Kepala%20BSKAP%20Kemendikdasmen%20No.%20046_H_KR_2025.pdf,kurikulum.kemendikdasmen.go.id,,08_raw_downloads\pdf\resource_142__142.pdf,resource_142__142.pdf,pdf,application/pdf,8510107,598278746b0f62333fdcab520d5dd4c1a9650c94bd3906acff4254100976552b,2026-07-28T03:50:26Z,,OFFICIAL_PUBLIC_ACCESS,,,,,,,,to_confirm,,,,,auto-registered from download log; title/license pending review
AUTO-143,document,,,,,,,,,,,,,,,,,,,,,,,,,id,,https://kurikulum.kemendikdasmen.go.id/service/download.php?kategori=rujukan&id=143,https://kurikulum.kemendikdasmen.go.id/file/Salinan%20Kepka%20BKPDM%20No.%20021%20Tahun%202026%20tentang%20CP%20Mapel%20Pendidikan%20Kepercayaan%20dan%20Budi%20Pekerti.pdf,kurikulum.kemendikdasmen.go.id,,08_raw_downloads\pdf\resource_143__143.pdf,resource_143__143.pdf,pdf,application/pdf,1944826,6eeb3b79eabb4610332c3a6b6335921af3b93d840d7339319bc3c74cf34d8098,2026-07-28T03:50:21Z,,OFFICIAL_PUBLIC_ACCESS,,,,,,,,to_confirm,,,,,auto-registered from download log; title/license pending review
AUTO-144,document,,,,,,,,,,,,,,,,,,,,,,,,,id,,https://kurikulum.kemendikdasmen.go.id/service/download.php?kategori=rujukan&id=144,https://kurikulum.kemendikdasmen.go.id/file/Panduan%20Penyelenggaraan%20Pendidikan%20Inklusif%20(Final%20Result).pdf,kurikulum.kemendikdasmen.go.id,,08_raw_downloads\pdf\resource_144__144.pdf,resource_144__144.pdf,pdf,application/pdf,12950879,362282f6473b33e55cf8f4ae245e0ddee62aedd5b888f0ac1fbcb9db395cb1a1,2026-07-28T03:59:58Z,,OFFICIAL_PUBLIC_ACCESS,,,,,,,,to_confirm,,,,,auto-registered from download log; title/license pending review
AUTO-295,document,Pendidikan Pancasila,,,,,,,,,,,,,,,,,,,,,,,,id,,https://kurikulum.kemendikdasmen.go.id/service/download.php?kategori=pmp_download&id=295,https://kurikulum.kemendikdasmen.go.id/file/panduan/dokumen/2.%20Final%20Panduan%20Mata%20Pelajaran%20Pendidikan%20Pancasila_12_09_2025_Revisi%203.pdf,kurikulum.kemendikdasmen.go.id,,08_raw_downloads\pdf\pendidikan_pancasila__295.pdf,pendidikan_pancasila__295.pdf,pdf,application/pdf,6529115,1e45333e9fc0efe743c6d5085a0f21eea0e9f9be906ba76bc6337a5412fda69d,2026-07-28T04:12:28Z,,OFFICIAL_PUBLIC_ACCESS,,,,,,,,to_confirm,,,,,auto-registered from download log; title/license pending review
AUTO-296,document,Bahasa Indonesia,,,,,,,,,,,,,,,,,,,,,,,,id,,https://kurikulum.kemendikdasmen.go.id/service/download.php?kategori=pmp_download&id=296,https://kurikulum.kemendikdasmen.go.id/file/panduan/dokumen/4.%20Panduan%20Mata%20Pelajaran%20Bahasa%20Indonesia_16_09_2025_Revisi%203.pdf,kurikulum.kemendikdasmen.go.id,,08_raw_downloads\pdf\bahasa_indonesia__296.pdf,bahasa_indonesia__296.pdf,pdf,application/pdf,31089575,61cfd4020251df77c98686ac6f5cdd02bab0569e642a23dbe89d36137a498532,2026-07-28T04:18:54Z,,OFFICIAL_PUBLIC_ACCESS,,,,,,,,to_confirm,,,,,auto-registered from download log; title/license pending review
AUTO-297,document,Bahasa Inggris,,,,,,,,,,,,,,,,,,,,,,,,id,,https://kurikulum.kemendikdasmen.go.id/service/download.php?kategori=pmp_download&id=297,https://kurikulum.kemendikdasmen.go.id/file/panduan/dokumen/3.%20Final%20Panduan%20Mata%20Pelajaran%20Bahasa%20Inggris_12_09_2025_Revisi%203.pdf,kurikulum.kemendikdasmen.go.id,,08_raw_downloads\pdf\bahasa_inggris__297.pdf,bahasa_inggris__297.pdf,pdf,application/pdf,7704975,c5a54a7c54b13e9087e80fe05973ac84da4d39fd6f69fb802dee6b4b377f148b,2026-07-28T04:19:09Z,,OFFICIAL_PUBLIC_ACCESS,,,,,,,,to_confirm,,,,,auto-registered from download log; title/license pending review
AUTO-298,document,Matematika,,,,,,,,,,,,,,,,,,,,,,,,id,,https://kurikulum.kemendikdasmen.go.id/service/download.php?kategori=pmp_download&id=298,https://kurikulum.kemendikdasmen.go.id/file/panduan/dokumen/5.%20Final%20Panduan%20Mata%20Pelajaran%20Matematika_12_09_2025_Revisi%203.pdf,kurikulum.kemendikdasmen.go.id,,08_raw_downloads\pdf\matematika__298.pdf,matematika__298.pdf,pdf,application/pdf,59548498,0b35d66142f98d3d3c3afa299cfb30085bc8e314e2b2086964ae216e2045f306,2026-07-28T04:12:25Z,,OFFICIAL_PUBLIC_ACCESS,,,,,,,,to_confirm,,,,,auto-registered from download log; title/license pending review
AUTO-299,document,Ipas,,,,,,,,,,,,,,,,,,,,,,,,id,,https://kurikulum.kemendikdasmen.go.id/service/download.php?kategori=pmp_download&id=299,https://kurikulum.kemendikdasmen.go.id/file/panduan/dokumen/7.%20Final%20Panduan%20Mata%20Pelajaran%20IPAS_03_10_2025_Revisi%204.pdf,kurikulum.kemendikdasmen.go.id,,08_raw_downloads\pdf\ipas__299.pdf,ipas__299.pdf,pdf,application/pdf,3386428,8be08fe56768e3046ca88833e73ae6c0c19e7a1ea46b8f8562bde79949c4ab45,2026-07-28T04:01:14Z,,OFFICIAL_PUBLIC_ACCESS,,,,,,,,to_confirm,,,,,auto-registered from download log; title/license pending review
AUTO-300,document,Ipa,,,,,,,,,,,,,,,,,,,,,,,,id,,https://kurikulum.kemendikdasmen.go.id/service/download.php?kategori=pmp_download&id=300,https://kurikulum.kemendikdasmen.go.id/file/panduan/dokumen/Panduan%20Mata%20Pelajaran%20IPA.pdf,kurikulum.kemendikdasmen.go.id,,08_raw_downloads\pdf\ipa__300.pdf,ipa__300.pdf,pdf,application/pdf,5046132,b3555f7a7b74322d3d3f92d3be8fb80b9f80d4f52ebb9f9d8042eb67d9eae561,2026-07-28T04:22:01Z,,OFFICIAL_PUBLIC_ACCESS,,,,,,,,to_confirm,,,,,auto-registered from download log; title/license pending review
AUTO-304,document,Informatika,,,,,,,,,,,,,,,,,,,,,,,,id,,https://kurikulum.kemendikdasmen.go.id/service/download.php?kategori=pmp_download&id=304,https://kurikulum.kemendikdasmen.go.id/file/panduan/dokumen/32.%20Panduan%20Mata%20Pelajaran%20Informatika.pdf,kurikulum.kemendikdasmen.go.id,,08_raw_downloads\pdf\informatika__304.pdf,informatika__304.pdf,pdf,application/pdf,4907908,d143cf009d7ed606e9b61255bbf000f7a378c54e8d29e0a015caf357ebc04e9a,2026-07-28T04:21:58Z,,OFFICIAL_PUBLIC_ACCESS,,,,,,,,to_confirm,,,,,auto-registered from download log; title/license pending review
AUTO-305,document,Ips,,,,,,,,,,,,,,,,,,,,,,,,id,,https://kurikulum.kemendikdasmen.go.id/service/download.php?kategori=pmp_download&id=305,https://kurikulum.kemendikdasmen.go.id/file/panduan/dokumen/12.%20Final%20Panduan%20Mata%20Pelajaran%20IPS_12_09_2025_Revisi%203.pdf,kurikulum.kemendikdasmen.go.id,,08_raw_downloads\pdf\ips__305.pdf,ips__305.pdf,pdf,application/pdf,3697999,59223ec9f0472010efee906d802406e95ec098c9ee7c0ac0a5b81180701a4d1b,2026-07-28T04:11:53Z,,OFFICIAL_PUBLIC_ACCESS,,,,,,,,to_confirm,,,,,auto-registered from download log; title/license pending review
AUTO-311,document,Seni Rupa,,,,,,,,,,,,,,,,,,,,,,,,id,,https://kurikulum.kemendikdasmen.go.id/service/download.php?kategori=pmp_download&id=311,https://kurikulum.kemendikdasmen.go.id/file/panduan/dokumen/18.%20Panduan%20Mata%20Pelajaran%20Seni%20Rupa.pdf,kurikulum.kemendikdasmen.go.id,,08_raw_downloads\pdf\seni_rupa__311.pdf,seni_rupa__311.pdf,pdf,application/pdf,18753006,8963bfbabdcc04c5f739a9da8639258120b14d0471472ddf3c86b4df798ccfd1,2026-07-28T04:10:04Z,,OFFICIAL_PUBLIC_ACCESS,,,,,,,,to_confirm,,,,,auto-registered from download log; title/license pending review
AUTO-312,document,Seni Musik,,,,,,,,,,,,,,,,,,,,,,,,id,,https://kurikulum.kemendikdasmen.go.id/service/download.php?kategori=pmp_download&id=312,https://kurikulum.kemendikdasmen.go.id/file/panduan/dokumen/19.%20Final%20Panduan%20Mata%20Pelajaran%20Seni%20Musik_13_09_2025_Revisi%203.pdf,kurikulum.kemendikdasmen.go.id,,08_raw_downloads\pdf\seni_musik__312.pdf,seni_musik__312.pdf,pdf,application/pdf,6422486,6473194b6a884d8677e24d5e3f8efc7d3d2d76ad18b05c868e1caf0cb8bea9bf,2026-07-28T04:08:16Z,,OFFICIAL_PUBLIC_ACCESS,,,,,,,,to_confirm,,,,,auto-registered from download log; title/license pending review
AUTO-313,document,Seni Teater,,,,,,,,,,,,,,,,,,,,,,,,id,,https://kurikulum.kemendikdasmen.go.id/service/download.php?kategori=pmp_download&id=313,https://kurikulum.kemendikdasmen.go.id/file/panduan/dokumen/20.%20Final%20Panduan%20Mata%20Pelajaran%20Seni%20Teater_13_09_2025_Revisi%203.pdf,kurikulum.kemendikdasmen.go.id,,08_raw_downloads\pdf\seni_teater__313.pdf,seni_teater__313.pdf,pdf,application/pdf,5946870,fa5e0f866c35aac8cf1df9b861e05384c6132839fed3429c1bcec3646e5d1575,2026-07-28T04:10:42Z,,OFFICIAL_PUBLIC_ACCESS,,,,,,,,to_confirm,,,,,auto-registered from download log; title/license pending review
AUTO-314,document,Seni Tari,,,,,,,,,,,,,,,,,,,,,,,,id,,https://kurikulum.kemendikdasmen.go.id/service/download.php?kategori=pmp_download&id=314,https://kurikulum.kemendikdasmen.go.id/file/panduan/dokumen/21.%20Final%20Panduan%20Mata%20Pelajaran%20Seni%20Tari_12_09_2025_Revisi%203.pdf,kurikulum.kemendikdasmen.go.id,,08_raw_downloads\pdf\seni_tari__314.pdf,seni_tari__314.pdf,pdf,application/pdf,10930869,bb363b5c4edcaa32e6487b913c87d035690e06af0d96fa79d51b378ea1c17051,2026-07-28T04:10:08Z,,OFFICIAL_PUBLIC_ACCESS,,,,,,,,to_confirm,,,,,auto-registered from download log; title/license pending review
AUTO-315,document,Prakarya Budidaya,,,,,,,,,,,,,,,,,,,,,,,,id,,https://kurikulum.kemendikdasmen.go.id/service/download.php?kategori=pmp_download&id=315,https://kurikulum.kemendikdasmen.go.id/file/panduan/dokumen/22.%20Final%20Panduan%20Mata%20Pelajaran%20Prakarya%20Budi%20Daya%20&%20Prakarya%20dan%20Kewirausahaan%20Budi%20Daya_12_09_2025_Revisi%203.pdf,kurikulum.kemendikdasmen.go.id,,08_raw_downloads\pdf\prakarya_budidaya__315.pdf,prakarya_budidaya__315.pdf,pdf,application/pdf,3167915,5eb18d98098fb89276cf3ecc5580729b0471b28f92f444da6a2d075fc9ef58e9,2026-07-28T04:13:24Z,,OFFICIAL_PUBLIC_ACCESS,,,,,,,,to_confirm,,,,,auto-registered from download log; title/license pending review
AUTO-316,document,Prakarya Kerajinan,,,,,,,,,,,,,,,,,,,,,,,,id,,https://kurikulum.kemendikdasmen.go.id/service/download.php?kategori=pmp_download&id=316,https://kurikulum.kemendikdasmen.go.id/file/panduan/dokumen/23.%20Final%20Panduan%20Mata%20Pelajaran%20Prakarya%20Keraijnan%20&%20Prakarya%20dan%20Kewirausahaan%20Kerajinan_12_09_2025_Revisi%203.pdf,kurikulum.kemendikdasmen.go.id,,08_raw_downloads\pdf\prakarya_kerajinan__316.pdf,prakarya_kerajinan__316.pdf,pdf,application/pdf,3591209,c531f3fb76702b3421e77c24641665b7516b9c27504e9b625f1c3c79207ca85f,2026-07-28T04:13:49Z,,OFFICIAL_PUBLIC_ACCESS,,,,,,,,to_confirm,,,,,auto-registered from download log; title/license pending review
AUTO-319,document,Pjok,,,,,,,,,,,,,,,,,,,,,,,,id,,https://kurikulum.kemendikdasmen.go.id/service/download.php?kategori=pmp_download&id=319,https://kurikulum.kemendikdasmen.go.id/file/panduan/dokumen/Panduan%20Mata%20Pelajaran%20PJOK.pdf,kurikulum.kemendikdasmen.go.id,,08_raw_downloads\pdf\pjok__319.pdf,pjok__319.pdf,pdf,application/pdf,7542799,81a4ec583fbaed9bc320a1d9b416d7f4d4472a74ef36a048d49a51a08f0b4b4f,2026-07-28T04:13:11Z,,OFFICIAL_PUBLIC_ACCESS,,,,,,,,to_confirm,,,,,auto-registered from download log; title/license pending review
AUTO-326,document,Koding Dan Kecerdasan Artifisial,,,,,,,,,,,,,,,,,,,,,,,,id,,https://kurikulum.kemendikdasmen.go.id/service/download.php?kategori=pmp_download&id=326,https://kurikulum.kemendikdasmen.go.id/file/panduan/dokumen/33.%20Final%20Panduan%20Mata%20Pelajaran%20Panduan%20Mata%20Pelajaran%20Koding%20dan%20Kecerdasan%20Artifisial_12_Sep_2025_revisi%203.pdf,kurikulum.kemendikdasmen.go.id,,08_raw_downloads\pdf\koding_dan_kecerdasan_artifisial__326.pdf,koding_dan_kecerdasan_artifisial__326.pdf,pdf,application/pdf,6716002,a46d9fc35dac5f7982c0fde1340d8c2a91099e15cc84568c42693c383fde77c3,2026-07-28T04:12:20Z,,OFFICIAL_PUBLIC_ACCESS,,,,,,,,to_confirm,,,,,auto-registered from download log; title/license pending review
AUTO-434,document,Program Kebutuhan Khusus Pengembangan Orientasi Mobilitas Sosial Dan Komunikasi Pomsk Untuk Peserta Didik Dengan Hambatan Penglihatan Tunanetra,,,,,,,,,,,,,,,,,,,,,,,,id,,https://kurikulum.kemendikdasmen.go.id/service/download.php?kategori=pmp_download&id=434,"https://kurikulum.kemendikdasmen.go.id/file/panduan/dokumen/38.%20Program%20Panduan%20Pengembangan%20Orientasi,%20Mobilitas,%20Sosial,%20dan%20Komunikasi%20(POMSK)_REVISI%204_14_jan_2026%20(1).pdf",kurikulum.kemendikdasmen.go.id,,08_raw_downloads\pdf\program_kebutuhan_khusus_pengembangan_orientasi_mobilitas_sosial_dan_komunikasi_pomsk_untuk_peserta_didik_dengan_hambatan_penglihatan_tunanetra__434.pdf,program_kebutuhan_khusus_pengembangan_orientasi_mobilitas_sosial_dan_komunikasi_pomsk_untuk_peserta_didik_dengan_hambatan_penglihatan_tunanetra__434.pdf,pdf,application/pdf,4280057,e1e1514c1f9f2bec64adfea1f3a566762291758dce346fee8ca6e94f28606530,2026-07-28T04:15:35Z,,OFFICIAL_PUBLIC_ACCESS,,,,,,,,to_confirm,,,,,auto-registered from download log; title/license pending review
AUTO-463,document,Program Kebutuhan Khusus Pengembangan Diri Dan Gerak Untuk Peserta Didik Berkebutuhan Khusus Dengan Hambatan Fisik Tunadaksa,,,,,,,,,,,,,,,,,,,,,,,,id,,https://kurikulum.kemendikdasmen.go.id/service/download.php?kategori=pmp_download&id=463,https://kurikulum.kemendikdasmen.go.id/file/panduan/dokumen/41.%20Panduan%20Pengembangan%20Diri%20dan%20Pengembangan%20Gerak%20(Hambatan%20Fisik_Tunadaksa)_REVISI_3_070126.pdf,kurikulum.kemendikdasmen.go.id,,08_raw_downloads\pdf\program_kebutuhan_khusus_pengembangan_diri_dan_gerak_untuk_peserta_didik_berkebutuhan_khusus_dengan_hambatan_fisik_tunadaksa__463.pdf,program_kebutuhan_khusus_pengembangan_diri_dan_gerak_untuk_peserta_didik_berkebutuhan_khusus_dengan_hambatan_fisik_tunadaksa__463.pdf,pdf,application/pdf,3913664,1ae41ed8098b444880574b4b7bbdb4336ac2aa502761099ad949b49ac3af30f9,2026-07-28T04:15:32Z,,OFFICIAL_PUBLIC_ACCESS,,,,,,,,to_confirm,,,,,auto-registered from download log; title/license pending review
AUTO-53,document,,,,,,,,,,,,,,,,,,,,,,,,,id,,https://kurikulum.kemendikdasmen.go.id/service/download.php?kategori=rujukan&id=53,https://kurikulum.kemendikdasmen.go.id/wp-content/uploads/2022/10/Kajian-Akademik-Penerimaan-Mahasiswa-Baru.pdf,kurikulum.kemendikdasmen.go.id,,08_raw_downloads\pdf\resource_53__53.pdf,resource_53__53.pdf,pdf,application/pdf,3170747,4eaefe2b76c40d821caeb57be7f1f10f4362c984b7defdaa7223d01326a97bab,2026-07-28T04:15:07Z,,OFFICIAL_PUBLIC_ACCESS,,,,,,,,to_confirm,,,,,auto-registered from download log; title/license pending review
AUTO-54,document,,,,,,,,,,,,,,,,,,,,,,,,,id,,https://kurikulum.kemendikdasmen.go.id/service/download.php?kategori=rujukan&id=54,https://kurikulum.kemendikdasmen.go.id/wp-content/unduhan/Kajian_PPP.pdf,kurikulum.kemendikdasmen.go.id,,08_raw_downloads\pdf\resource_54__54.pdf,resource_54__54.pdf,pdf,application/pdf,1672374,381999e045b30cf1baaf55a21265cf05c550461aa075d2d02e048c443cd55492,2026-07-28T04:15:10Z,,OFFICIAL_PUBLIC_ACCESS,,,,,,,,to_confirm,,,,,auto-registered from download log; title/license pending review
AUTO-55,document,,,,,,,,,,,,,,,,,,,,,,,,,id,,https://kurikulum.kemendikdasmen.go.id/service/download.php?kategori=rujukan&id=55,https://kurikulum.kemendikdasmen.go.id/wp-content/unduhan/Kajian_Pemulihan.pdf,kurikulum.kemendikdasmen.go.id,,08_raw_downloads\pdf\resource_55__55.pdf,resource_55__55.pdf,pdf,application/pdf,3349625,fc5c8d9df60be91bc490a91f7a3fe12b259e33240526c4d07d38133b1640df41,2026-07-28T04:14:51Z,,OFFICIAL_PUBLIC_ACCESS,,,,,,,,to_confirm,,,,,auto-registered from download log; title/license pending review
AUTO-74,document,,,,,,,,,,,,,,,,,,,,,,,,,id,,https://kurikulum.kemendikdasmen.go.id/service/download.php?kategori=rujukan&id=74,https://kurikulum.kemendikdasmen.go.id/file/1675738974_manage_file.pdf,kurikulum.kemendikdasmen.go.id,,08_raw_downloads\pdf\resource_74__74.pdf,resource_74__74.pdf,pdf,application/pdf,205971,eaff30eb7d16f4191cb94efba57902be8e0f69379df50bc8e1d786fd8e3eeecc,2026-07-28T04:15:28Z,,OFFICIAL_PUBLIC_ACCESS,,,,,,,,to_confirm,,,,,auto-registered from download log; title/license pending review
AUTO-84,document,,,,,,,,,,,,,,,,,,,,,,,,,id,,https://kurikulum.kemendikdasmen.go.id/service/download.php?kategori=rujukan&id=84,https://kurikulum.kemendikdasmen.go.id/file/1691478095_manage_file.pdf,kurikulum.kemendikdasmen.go.id,,08_raw_downloads\pdf\resource_84__84.pdf,resource_84__84.pdf,pdf,application/pdf,646616,d8439a0dfd18d0cf1a8f8e9914104935890465fb0cddd43d61636c1f52232ea2,2026-07-28T04:15:26Z,,OFFICIAL_PUBLIC_ACCESS,,,,,,,,to_confirm,,,,,auto-registered from download log; title/license pending review
AUTO-89,document,,,,,,,,,,,,,,,,,,,,,,,,,id,,https://kurikulum.kemendikdasmen.go.id/service/download.php?kategori=rujukan&id=89,https://kurikulum.kemendikdasmen.go.id/file/1711503412_manage_file.pdf,kurikulum.kemendikdasmen.go.id,,08_raw_downloads\pdf\resource_89__89.pdf,resource_89__89.pdf,pdf,application/pdf,4212992,e2af6d8a47b47c6fe155d5bfd57da81d4644cd403e013d061d23e6ba4cd9e632,2026-07-28T04:14:29Z,,OFFICIAL_PUBLIC_ACCESS,,,,,,,,to_confirm,,,,,auto-registered from download log; title/license pending review
AUTO-92,document,,,,,,,,,,,,,,,,,,,,,,,,,id,,https://kurikulum.kemendikdasmen.go.id/service/download.php?kategori=rujukan&id=92,https://kurikulum.kemendikdasmen.go.id/file/paparan_kurikulum.pdf,kurikulum.kemendikdasmen.go.id,,08_raw_downloads\pdf\resource_92__92.pdf,resource_92__92.pdf,pdf,application/pdf,10541197,738a68edeac862c96bdcb573d3a0afc9ce43b57b8361c840be459f30a098ec84,2026-07-28T04:17:52Z,,OFFICIAL_PUBLIC_ACCESS,,,,,,,,to_confirm,,,,,auto-registered from download log; title/license pending review
AUTO-93,document,,,,,,,,,,,,,,,,,,,,,,,,,id,,https://kurikulum.kemendikdasmen.go.id/service/download.php?kategori=rujukan&id=93,https://kurikulum.kemendikdasmen.go.id/file/1715585799_manage_file.pdf,kurikulum.kemendikdasmen.go.id,,08_raw_downloads\pdf\resource_93__93.pdf,resource_93__93.pdf,pdf,application/pdf,297063,ccbcbcca53143c3ee55cac81efec39b547b85121bbbf2add404cb770cd1166d2,2026-07-28T04:15:19Z,,OFFICIAL_PUBLIC_ACCESS,,,,,,,,to_confirm,,,,,auto-registered from download log; title/license pending review
AUTO-106,document,,,,,,,,,,,,,,,,,,,,,,,,,id,,https://kurikulum.kemendikdasmen.go.id/service/download.php?kategori=rujukan&id=106,https://kurikulum.kemendikdasmen.go.id/file/1724727813_manage_file.pdf,kurikulum.kemendikdasmen.go.id,,08_raw_downloads\pdf\resource_106__106.pdf,resource_106__106.pdf,pdf,application/pdf,13532474,cfe3b0c9a6363afb8cc2168c16b98e1bfefbba4ace4a68c25b21430ab6973f33,2026-07-28T04:17:49Z,,OFFICIAL_PUBLIC_ACCESS,,,,,,,,to_confirm,,,,,auto-registered from download log; title/license pending review
AUTO-109,document,,,,,,,,,,,,,,,,,,,,,,,,,id,,https://kurikulum.kemendikdasmen.go.id/service/download.php?kategori=rujukan&id=109,https://kurikulum.kemendikdasmen.go.id/file/1729692740_manage_file.pdf,kurikulum.kemendikdasmen.go.id,,08_raw_downloads\pdf\resource_109__109.pdf,resource_109__109.pdf,pdf,application/pdf,7542000,2c929ee693699831a5ce157ad5957618ce25bae4b45d60336ed868c97e39e22f,2026-07-28T04:16:18Z,,OFFICIAL_PUBLIC_ACCESS,,,,,,,,to_confirm,,,,,auto-registered from download log; title/license pending review
AUTO-127,document,,,,,,,,,,,,,,,,,,,,,,,,,id,,https://kurikulum.kemendikdasmen.go.id/service/download.php?kategori=rujukan&id=127,https://kurikulum.kemendikdasmen.go.id/file/1767520310_manage_file.pdf,kurikulum.kemendikdasmen.go.id,,08_raw_downloads\pdf\resource_127__127.pdf,resource_127__127.pdf,pdf,application/pdf,979644,ec6ec4fa100f6a5f33b576c1b88a2b95e1f62ba9c00b7eb42b5f469b457c9abc,2026-07-28T04:15:17Z,,OFFICIAL_PUBLIC_ACCESS,,,,,,,,to_confirm,,,,,auto-registered from download log; title/license pending review
AUTO-310,document,Antropologi,,,,,,,,,,,,,,,,,,,,,,,,id,,https://kurikulum.kemendikdasmen.go.id/service/download.php?kategori=pmp_download&id=310,https://kurikulum.kemendikdasmen.go.id/file/panduan/dokumen/17.%20Final%20Panduan%20Mata%20Pelajaran%20Antropologi_12_09_2025_Revisi%203.pdf,kurikulum.kemendikdasmen.go.id,,08_raw_downloads\pdf\antropologi__310.pdf,antropologi__310.pdf,pdf,application/pdf,3077587,41f7e919245140ff7367d97ed2507d057b7a7e2e9bdb65cad94b791e4ce60c9b,2026-07-28T04:15:41Z,,OFFICIAL_PUBLIC_ACCESS,,,,,,,,to_confirm,,,,,auto-registered from download log; title/license pending review
AUTO-317,document,Prakarya Rekayasa,,,,,,,,,,,,,,,,,,,,,,,,id,,https://kurikulum.kemendikdasmen.go.id/service/download.php?kategori=pmp_download&id=317,https://kurikulum.kemendikdasmen.go.id/file/panduan/dokumen/24.%20Final%20Panduan%20Mata%20Pelajaran%20Prakarya%20kewirausahaan_14_09_2025_Revisi%203.pdf,kurikulum.kemendikdasmen.go.id,,08_raw_downloads\pdf\prakarya_rekayasa__317.pdf,prakarya_rekayasa__317.pdf,pdf,application/pdf,6652370,960d37101ea987124557928931ef9f918b2d02adfb75aeb2b66894b43ab4dcad,2026-07-28T04:15:01Z,,OFFICIAL_PUBLIC_ACCESS,,,,,,,,to_confirm,,,,,auto-registered from download log; title/license pending review
AUTO-318,document,Prakarya Pengolahan,,,,,,,,,,,,,,,,,,,,,,,,id,,https://kurikulum.kemendikdasmen.go.id/service/download.php?kategori=pmp_download&id=318,https://kurikulum.kemendikdasmen.go.id/file/panduan/dokumen/25.%20Final%20Panduan%20Mata%20Pelajaran%20Prakarya%20Pengolahan%20&%20Prakarya%20dan%20Kewirausahaan%20Pengolahan_13_09_2025_Revisi%203.pdf,kurikulum.kemendikdasmen.go.id,,08_raw_downloads\pdf\prakarya_pengolahan__318.pdf,prakarya_pengolahan__318.pdf,pdf,application/pdf,5824488,42911f6ffa7f9340f9049e2129d3db69a55bd1b86f3be1add284cab21bf9cb40,2026-07-28T04:14:24Z,,OFFICIAL_PUBLIC_ACCESS,,,,,,,,to_confirm,,,,,auto-registered from download log; title/license pending review
AUTO-320,document,Bahasa Arab,,,,,,,,,,,,,,,,,,,,,,,,id,,https://kurikulum.kemendikdasmen.go.id/service/download.php?kategori=pmp_download&id=320,https://kurikulum.kemendikdasmen.go.id/file/panduan/dokumen/26.%20Final%20Panduan%20Mata%20Pelajaran%20ARAB_12_Sep_2025_revisi%203.pdf,kurikulum.kemendikdasmen.go.id,,08_raw_downloads\pdf\bahasa_arab__320.pdf,bahasa_arab__320.pdf,pdf,application/pdf,3274509,8dfa177133c1161aba55e0682f7fb6dd9a815e74ca221b5e1303af2672d959e1,2026-07-28T04:15:44Z,,OFFICIAL_PUBLIC_ACCESS,,,,,,,,to_confirm,,,,,auto-registered from download log; title/license pending review
AUTO-302,document,Fisika,,,,,,,,,,,,,,,,,,,,,,,,id,,https://kurikulum.kemendikdasmen.go.id/service/download.php?kategori=pmp_download&id=302,https://kurikulum.kemendikdasmen.go.id/file/panduan/dokumen/10.%20Final%20Panduan%20Mata%20Pelajaran%20Fisika_18_09_2025_Revisi%204.pdf,kurikulum.kemendikdasmen.go.id,,08_raw_downloads\pdf\fisika__302.pdf,fisika__302.pdf,pdf,application/pdf,4534243,a153ef24bf488f31c00f17639343a7f498211b15f089bd96de8f8ddab42048d7,2026-07-28T04:21:33Z,,OFFICIAL_PUBLIC_ACCESS,,,,,,,,to_confirm,,,,,auto-registered from download log; title/license pending review
AUTO-303,document,Biologi,,,,,,,,,,,,,,,,,,,,,,,,id,,https://kurikulum.kemendikdasmen.go.id/service/download.php?kategori=pmp_download&id=303,https://kurikulum.kemendikdasmen.go.id/file/panduan/dokumen/9.%20Final%20Panduan%20Mata%20Pelajaran%20Bilogi_18_Sep_2025_revisi%203.pdf,kurikulum.kemendikdasmen.go.id,,08_raw_downloads\pdf\biologi__303.pdf,biologi__303.pdf,pdf,application/pdf,6526443,3d1897b3169f3ca9d69e0aee487191281baa9a8789a7b74253c53155d6a26185,2026-07-28T04:21:28Z,,OFFICIAL_PUBLIC_ACCESS,,,,,,,,to_confirm,,,,,auto-registered from download log; title/license pending review
AUTO-307,document,Geografi,,,,,,,,,,,,,,,,,,,,,,,,id,,https://kurikulum.kemendikdasmen.go.id/service/download.php?kategori=pmp_download&id=307,https://kurikulum.kemendikdasmen.go.id/file/panduan/dokumen/14.%20Final%20Panduan%20Mata%20Pelajaran%20Geografi_12_09_2025_Revisi%203.pdf,kurikulum.kemendikdasmen.go.id,,08_raw_downloads\pdf\geografi__307.pdf,geografi__307.pdf,pdf,application/pdf,10675438,211d602fd8a7111787b3fc88fd05de319e0e4ee66940b94bd729f60aaea73120,2026-07-28T04:21:36Z,,OFFICIAL_PUBLIC_ACCESS,,,,,,,,to_confirm,,,,,auto-registered from download log; title/license pending review
AUTO-308,document,Ekonomi,,,,,,,,,,,,,,,,,,,,,,,,id,,https://kurikulum.kemendikdasmen.go.id/service/download.php?kategori=pmp_download&id=308,https://kurikulum.kemendikdasmen.go.id/file/panduan/dokumen/15.%20Final%20Panduan%20Mata%20Pelajaran%20Ekonomi_12_09_2025_Revisi%203.pdf,kurikulum.kemendikdasmen.go.id,,08_raw_downloads\pdf\ekonomi__308.pdf,ekonomi__308.pdf,pdf,application/pdf,4132267,2f6cb81392a4166cb28f42d08cce84db6fa2167a12c17e48b88b3597be70c65b,2026-07-28T04:21:30Z,,OFFICIAL_PUBLIC_ACCESS,,,,,,,,to_confirm,,,,,auto-registered from download log; title/license pending review
AUTO-321,document,Bahasa Jepang,,,,,,,,,,,,,,,,,,,,,,,,id,,https://kurikulum.kemendikdasmen.go.id/service/download.php?kategori=pmp_download&id=321,https://kurikulum.kemendikdasmen.go.id/file/panduan/dokumen/27.%20Final%20Panduan%20Mata%20Pelajaran%20Bahasa%20Jepang_14_09_2025_Revisi%203.pdf,kurikulum.kemendikdasmen.go.id,,08_raw_downloads\pdf\bahasa_jepang__321.pdf,bahasa_jepang__321.pdf,pdf,application/pdf,6263888,22e873a13c43cf0bf40933dc490956d7ba4702adf4ee26f72e43fc2bf67e9998,2026-07-28T04:19:20Z,,OFFICIAL_PUBLIC_ACCESS,,,,,,,,to_confirm,,,,,auto-registered from download log; title/license pending review
AUTO-322,document,Bahasa Jerman,,,,,,,,,,,,,,,,,,,,,,,,id,,https://kurikulum.kemendikdasmen.go.id/service/download.php?kategori=pmp_download&id=322,https://kurikulum.kemendikdasmen.go.id/file/panduan/dokumen/28.%20Final%20Panduan%20Mata%20Pelajaran%20Bahasa%20Jerman_14_09_2025_Revisi%203.pdf,kurikulum.kemendikdasmen.go.id,,08_raw_downloads\pdf\bahasa_jerman__322.pdf,bahasa_jerman__322.pdf,pdf,application/pdf,4132424,8c35b743b9534f0c1a1dbc78a34f298fa1ce43b23a19f4b802a17e3ecbdd92ec,2026-07-28T04:20:58Z,,OFFICIAL_PUBLIC_ACCESS,,,,,,,,to_confirm,,,,,auto-registered from download log; title/license pending review
AUTO-323,document,Bahasa Korea,,,,,,,,,,,,,,,,,,,,,,,,id,,https://kurikulum.kemendikdasmen.go.id/service/download.php?kategori=pmp_download&id=323,https://kurikulum.kemendikdasmen.go.id/file/panduan/dokumen/29.%20Final%20Panduan%20Mata%20Pelajaran%20Bahasa%20Korea_12_09_2025_Revisi%203.pdf,kurikulum.kemendikdasmen.go.id,,08_raw_downloads\pdf\bahasa_korea__323.pdf,bahasa_korea__323.pdf,pdf,application/pdf,4181849,1664a4c7956e89ec1299e53c0fb07c2252913caf428072090f55899d5346389b,2026-07-28T04:21:01Z,,OFFICIAL_PUBLIC_ACCESS,,,,,,,,to_confirm,,,,,auto-registered from download log; title/license pending review
AUTO-324,document,Bahasa Mandarin,,,,,,,,,,,,,,,,,,,,,,,,id,,https://kurikulum.kemendikdasmen.go.id/service/download.php?kategori=pmp_download&id=324,https://kurikulum.kemendikdasmen.go.id/file/panduan/dokumen/30.%20Panduan%20Mata%20Pelajaran%20Bahasa%20Mandarin.pdf,kurikulum.kemendikdasmen.go.id,,08_raw_downloads\pdf\bahasa_mandarin__324.pdf,bahasa_mandarin__324.pdf,pdf,application/pdf,3794166,5383d9d7754bfb05f42bbe9747a06bacd781c13191839fe71f38ba90adb892aa,2026-07-28T04:21:16Z,,OFFICIAL_PUBLIC_ACCESS,,,,,,,,to_confirm,,,,,auto-registered from download log; title/license pending review
AUTO-325,document,Bahasa Prancis,,,,,,,,,,,,,,,,,,,,,,,,id,,https://kurikulum.kemendikdasmen.go.id/service/download.php?kategori=pmp_download&id=325,https://kurikulum.kemendikdasmen.go.id/file/panduan/dokumen/31.%20Final%20Panduan%20Mata%20Pelajaran%20Bahasa%20Prancis_13_09_2025_Revisi%203.pdf,kurikulum.kemendikdasmen.go.id,,08_raw_downloads\pdf\bahasa_prancis__325.pdf,bahasa_prancis__325.pdf,pdf,application/pdf,3641063,479be6450c55d2308f48d8aa1e0f54fc28a1093bf5c4db7accdf6d335078c0f1,2026-07-28T04:21:18Z,,OFFICIAL_PUBLIC_ACCESS,,,,,,,,to_confirm,,,,,auto-registered from download log; title/license pending review
